customer_id,first_name,last_name,email,address,city,state,zip_code,plan_id
CUST00001,Carla,Stewart,carla.stewart@lee.biz,"331 Black Courts, East Alexanderland, ND 86931",Cantuberg,MP,07411,PLAN001
CUST00002,Michael,Mullen,michael.mullen@smith.com,"20764 Morales Mountains Suite 056, Barryport, ID 11663",Riveraville,MA,35752,PLAN002
CUST00003,Christina,Brooks,christina.brooks@abbott-mcguire.com,"04558 Helen Lock Suite 973, Duaneport, ME 04529",Millershire,MS,52368,PLAN003
CUST00004,Jesse,Perez,jesse.perez@barnett.com,"450 Jimenez Land, Melissachester, MN 20073",Suarezbury,AR,86973,PLAN004
CUST00005,Heather,Davis,heather.davis@west.org,"2457 Mendez Fall Suite 208, South Matthew, SC 73631",East Jasonmouth,MH,61053,PLAN005
CUST00006,Diamond,Bennett,diamond.bennett@cruz.info,"87598 Natalie Drives Suite 307, Lake Tasha, PW 89839",Donaldshire,NH,97398,PLAN001
CUST00007,John,Gallagher,john.gallagher@owens.com,"25845 Alexander Roads, Jonesshire, UT 66358",Lake Elizabethshire,FL,03137,PLAN002
CUST00008,Michelle,White,michelle.white@bennett.biz,"6827 Gerald Pass Suite 798, Port Lesliechester, FM 29552",South Tina,KS,22080,PLAN003
CUST00009,Melanie,Meyer,melanie.meyer@hart-barton.com,"0376 Harper Neck, Jonesland, IA 48760",Port Anneport,LA,38661,PLAN004
CUST00010,April,Burton,april.burton@duncan.com,"817 Brown Pike Apt. 228, Port Todd, VI 79327",Port Matthew,ME,42957,PLAN005
CUST00011,Kimberly,Serrano,kimberly.serrano@green-torres.org,"720 Timothy Stream Suite 465, Harrisside, MN 66654",Kevinborough,TN,66691,PLAN001
CUST00012,Jennifer,Cameron,jennifer.cameron@higgins-rodriguez.org,"6417 Samantha Via, Port Debbiehaven, KS 58177",West Annette,VI,01727,PLAN002
CUST00013,Nicholas,Herman,nicholas.herman@mills-dickson.com,"184 Blankenship Grove Suite 434, Kylieview, MI 91128",Ramirezport,NV,59467,PLAN003
CUST00014,Kara,Diaz,kara.diaz@young-garcia.com,"8591 Peterson Corners, Port Lisashire, IL 29353",Lake Dawnbury,HI,98482,PLAN004
CUST00015,Wanda,Barker,wanda.barker@morris.com,"USNV Gomez, FPO AA 20242",Lake Kristen,LA,67575,PLAN005
CUST00016,Angela,Baker,angela.baker@johnston.com,"027 Wendy Trafficway Apt. 799, North Timothy, RI 38592",New Hunter,NH,26492,PLAN001
CUST00017,Diana,Campbell,diana.campbell@ramirez.net,"6766 Karen Canyon Apt. 006, Kristinside, GA 21116",Port Christopher,LA,08143,PLAN002
CUST00018,Daniel,Young,daniel.young@pearson-morales.com,"61920 Hampton Common, Watsonton, OK 86725",Smithland,AL,82204,PLAN003
CUST00019,Tammy,Braun,tammy.braun@sutton.org,"665 Briana Inlet Apt. 967, Amyfort, AS 47680",South Morgan,CA,93590,PLAN004
CUST00020,Cameron,Morrison,cameron.morrison@velazquez.org,"5616 Allen Curve, Joelberg, MD 64916",Port Denise,WI,16496,PLAN005
CUST00021,Amy,Herrera,amy.herrera@johnston.com,"6467 Justin Ridges, Meganchester, NH 84843",Port Jenniferville,MS,04607,PLAN001
CUST00022,John,Peterson,john.peterson@ellis-russell.org,"287 Gordon Mall, New Marcus, MT 95138",Lisaville,FL,57365,PLAN002
CUST00023,Rachel,Baker,rachel.baker@collins-smith.net,"07521 Mcbride Lake, Bryantside, RI 41681",Danielsstad,VA,69442,PLAN003
CUST00024,Julie,White,julie.white@alvarez.com,"53038 Dean Hills, South Karen, FM 41805",South Samuelland,WI,07290,PLAN004
CUST00025,Jason,Robinson,jason.robinson@wood-peterson.biz,"113 Katherine Manors, Christopherton, KS 34805",North John,HI,52565,PLAN005
CUST00026,Theresa,Haley,theresa.haley@webb-bailey.info,"83890 Davis Crossing Suite 049, Gutierrezhaven, AR 75842",Martinezview,PR,27266,PLAN001
CUST00027,Mary,Bentley,mary.bentley@barber-johnson.com,"16255 Margaret Loaf Apt. 431, East Davidland, SC 68607",Breannabury,WV,64756,PLAN002
CUST00028,Robert,Benitez,robert.benitez@hicks.com,"27587 Bernard Street Apt. 215, West Kathryn, MN 77194",Gutierrezview,MN,89706,PLAN003
CUST00029,Jennifer,Hill,jennifer.hill@robinson.com,"493 Torres Mission, Carlfort, WV 63913",Jacobmouth,DE,08641,PLAN004
CUST00030,Matthew,Hernandez,matthew.hernandez@gomez-nguyen.com,"634 Allen Landing, Millerchester, WY 88245",West Michaelborough,VA,37820,PLAN005
CUST00031,Alan,Burke,alan.burke@nelson.com,"539 Jackson Springs Apt. 335, East Ericbury, MT 08863",Davidton,MI,92692,PLAN001
CUST00032,Christopher,Campos,christopher.campos@randolph-ramirez.com,"728 Jacobs Well, South Antonio, RI 22776",East Debra,OK,11581,PLAN002
CUST00033,Tabitha,Wallace,tabitha.wallace@flores-padilla.info,"339 Madison Neck, Dixonberg, KY 94406",Curtiston,UT,18149,PLAN003
CUST00034,Amanda,Nolan,amanda.nolan@nunez.com,"30296 Jenny Forest Suite 576, Jonathanside, MA 84457",New Taylor,NJ,70620,PLAN004
CUST00035,Danielle,Pitts,danielle.pitts@schmidt.com,"353 Dillon Villages, East Derrickview, AZ 31919",Michaelshire,MS,09690,PLAN005
CUST00036,Terrance,Ramsey,terrance.ramsey@taylor-reeves.com,"60675 Ramirez Street, Kirkberg, NM 63231",Roberthaven,NH,47231,PLAN001
CUST00037,Tiffany,Woodard,tiffany.woodard@robbins.com,"790 Robertson Garden, Monicahaven, IA 24871",Stephenchester,AR,35382,PLAN002
CUST00038,Candice,Austin,candice.austin@oconnell-perez.com,"239 Joseph Greens, Carolynbury, KY 19735",Lopezhaven,IN,39655,PLAN003
CUST00039,Latasha,Wong,latasha.wong@landry.com,"57828 Moss Coves Suite 083, Lake Sophiabury, WY 07410",Johnsonfurt,NC,61588,PLAN004
CUST00040,Daniel,Jones,daniel.jones@willis-robinson.biz,"029 Burke Common Suite 428, Jenniferview, GU 81847",Davidside,RI,53100,PLAN005
CUST00041,Michael,Robertson,michael.robertson@davila-bryant.biz,"Unit 7623 Box 2742, DPO AP 62885",Jamiemouth,MS,53730,PLAN001
CUST00042,Becky,Cohen,becky.cohen@schmidt.com,"0955 Richard Club Suite 940, East Isaiah, DE 08040",Johnsonberg,PW,69097,PLAN002
CUST00043,Jessica,Jordan,jessica.jordan@morales.com,"2043 Stewart Vista Apt. 218, Stoutview, KY 46606",Victorborough,LA,16693,PLAN003
CUST00044,Jennifer,Vega,jennifer.vega@cowan.com,"3180 Darren Streets, North Debbie, WY 90022",Port Kellyhaven,IA,67061,PLAN004
CUST00045,Madeline,Russell,madeline.russell@campbell.com,"275 Reeves Tunnel, Anthonybury, VI 36547",New Sarahberg,SD,84748,PLAN005
CUST00046,Jessica,Bennett,jessica.bennett@barnett-phillips.com,"99492 Ryan Mountain Apt. 205, South Hollyfort, DC 88968",New Josephmouth,AK,60490,PLAN001
CUST00047,Angela,Chang,angela.chang@barrett-williams.com,"898 Jackson Turnpike Apt. 611, South Kelly, KS 80919",Lake Jennifer,MD,29312,PLAN002
CUST00048,Tina,Hamilton,tina.hamilton@hall.com,"38882 Powell Lodge, Matthewsborough, MD 37577",Lake James,WI,09191,PLAN003
CUST00049,Joyce,Williams,joyce.williams@tran-conley.org,"561 Edward Pines Apt. 152, Port Kenneth, AS 61746",Port Brendan,WA,94776,PLAN004
CUST00050,Alexandra,Morris,alexandra.morris@vasquez.net,"41941 Paul Ridge Suite 905, North Blakemouth, AZ 89635",Bennettmouth,MI,40609,PLAN005
CUST00051,Mark,Davis,mark.davis@dean.com,"379 Williams View, Dianeburgh, PR 70510",North Evan,ME,33779,PLAN001
CUST00052,Lauren,Downs,lauren.downs@sexton-potts.com,"5545 Mills Route Apt. 777, North Frankchester, FL 84330",Cherylburgh,IL,04317,PLAN002
CUST00053,Lisa,Becker,lisa.becker@mccann-harris.com,"80535 Davis Curve Suite 228, Timothyfort, SD 18824",North Andrew,FM,89510,PLAN003
CUST00054,Linda,Bradley,linda.bradley@rodriguez.com,"USNV Harris, FPO AP 92516",Clarkview,FM,91020,PLAN004
CUST00055,Nicholas,King,nicholas.king@contreras.biz,"49818 Kelly Cove, South Angelicaland, IL 06287",North Zacharymouth,OK,36686,PLAN005
CUST00056,Brenda,Buchanan,brenda.buchanan@guzman.com,"690 Megan Plaza, New Amyton, IN 22586",South Christine,MP,75622,PLAN001
CUST00057,Anthony,Miranda,anthony.miranda@ramirez.com,"0050 Justin Views Apt. 323, Luisfurt, NM 36929",Woodsside,WI,19283,PLAN002
CUST00058,Kathryn,Martinez,kathryn.martinez@chavez-martin.net,"250 Franklin Stream Suite 752, Lake Bryan, KS 75079",Copelandbury,NY,19022,PLAN003
CUST00059,Jasmine,Duke,jasmine.duke@hill.com,"USNS Sawyer, FPO AE 33736",Johnsonport,NC,60814,PLAN004
CUST00060,Daniel,Arnold,daniel.arnold@wheeler.info,"8399 Hernandez Mission Apt. 336, Lake John, DC 76223",New Donnaborough,NY,74564,PLAN005
CUST00061,Debra,Nielsen,debra.nielsen@michael.org,"90794 Hess Crossing Suite 232, Lake Heatherland, MS 92289",East Paul,SD,52896,PLAN001
CUST00062,Roy,Terry,roy.terry@miller.com,"23022 Farmer Tunnel, Jacobmouth, AR 62621",Bruceville,TX,93563,PLAN002
CUST00063,Charles,Nichols,charles.nichols@smith-keith.com,"686 Carla Tunnel Suite 758, Weekston, SC 19756",Thomasfurt,WA,46260,PLAN003
CUST00064,Vanessa,Carlson,vanessa.carlson@duffy.com,"2914 Alyssa Prairie Suite 002, Juliehaven, TN 21816",West Joy,CA,41522,PLAN004
CUST00065,Barbara,Mendez,barbara.mendez@price.com,"0430 Katherine Spur Apt. 513, Davidtown, NM 34099",Brittanybury,VT,04335,PLAN005
CUST00066,Megan,Houston,megan.houston@smith.com,"72988 Jamie View, North Alexbury, IA 43732",Williamside,GA,44134,PLAN006
CUST00067,Tonya,Austin,tonya.austin@adams.com,"USNS Mendez, FPO AA 71430",West Kristinshire,WV,63213,PLAN007
CUST00068,Kelly,Kim,kelly.kim@anderson.com,"41275 Daniel View, Lake Raymond, HI 60355",Barkertown,SC,62217,PLAN008
CUST00069,Melanie,Hawkins,melanie.hawkins@patrick.org,"5885 Thomas Stream Suite 344, West Angelaside, GA 27053",Pamside,AZ,93153,PLAN009
CUST00070,James,Foster,james.foster@hobbs-king.org,"933 Kelsey Rue Suite 809, Hortonfurt, ME 66332",Madelineport,MS,43431,PLAN010
CUST00071,Eric,Parker,eric.parker@kirk.info,"USS Perez, FPO AP 05000",Youngtown,IN,04887,PLAN011
CUST00072,Catherine,Hernandez,catherine.hernandez@bass-edwards.biz,"99320 Williamson Shoals, West Kimberlytown, TN 41605",Kylechester,AL,47892,PLAN012
CUST00073,Rick,Watkins,rick.watkins@beck.biz,"000 Anthony Junctions Apt. 943, East Melissamouth, OH 90387",East Margaret,KY,76210,PLAN013
CUST00074,Kayla,Dixon,kayla.dixon@adams.com,"12186 Michelle Center, Kelleytown, FM 53937",Patrickton,SC,56469,PLAN014
CUST00075,John,Faulkner,john.faulkner@ruiz.com,"536 Benjamin Forge, New Eric, AS 49036",West Daniel,CT,91317,PLAN015
CUST00076,Julian,Miranda,julian.miranda@randall.com,"09309 Reese Centers Apt. 684, Jacobside, FM 74855",Michaelfurt,VT,52435,PLAN001
CUST00077,David,Shannon,david.shannon@simon.com,"59430 Jennifer River, New Charlotte, WA 29165",Harrisonmouth,IL,75073,PLAN002
CUST00078,Timothy,Vincent,timothy.vincent@perkins.net,"337 Hernandez Lane Suite 297, East Maurice, DC 08923",Lake Lindahaven,PA,69212,PLAN003
CUST00079,Brandi,Sherman,brandi.sherman@lewis.com,"72179 Rose Meadow, Johnfurt, RI 63589",New Ruben,FM,07505,PLAN004
CUST00080,Christopher,Thompson,christopher.thompson@lambert.net,"776 Erik Field Suite 724, Frazierview, OK 95101",Richardsonside,GA,50204,PLAN005
CUST00081,Anne,Patterson,anne.patterson@mendez.com,"635 Rebecca Mills, Micheleberg, MN 78643",Wrighthaven,AS,15277,PLAN001
CUST00082,Lori,Dixon,lori.dixon@frank.com,"976 Christopher Islands, Rangelville, DC 16528",South Nicholasbury,MD,17518,PLAN002
CUST00083,Makayla,Garcia,makayla.garcia@smith.com,"479 Joe Wall Suite 418, Perezfurt, DC 36842",Michellestad,ME,34018,PLAN003
CUST00084,Michael,Perez,michael.perez@miller.com,"34178 Dennis Crescent, Thomastown, FL 70204",Gonzalezton,PA,23147,PLAN004
CUST00085,Crystal,Bishop,crystal.bishop@lopez.com,"83666 Amy Throughway Suite 774, Halltown, SD 18526",Michaelhaven,FM,69445,PLAN005
CUST00086,Jason,Mcdonald,jason.mcdonald@english.com,"Unit 7855 Box 5801, DPO AA 99432",East Charlesberg,AS,23461,PLAN001
CUST00087,Cheryl,Scott,cheryl.scott@pineda.biz,"Unit 3319 Box 8879, DPO AA 58463",East Michael,VA,50043,PLAN002
CUST00088,Ricardo,Salinas,ricardo.salinas@yoder.com,"284 Matthews Fields Suite 496, Desireeshire, AZ 93730",Lake Emilyview,CA,09675,PLAN003
CUST00089,Alicia,Sherman,alicia.sherman@salas-hall.net,"20688 Bradley Loaf Suite 790, Allenview, TN 57076",Morganhaven,NJ,09616,PLAN004
CUST00090,Alan,Krause,alan.krause@williams.com,"5352 Vanessa Valley, Davisport, RI 44986",Courtneytown,NM,88018,PLAN005
CUST00091,Cheryl,Lee,cheryl.lee@brown-serrano.com,"6776 Garcia Street, Spenceside, WV 68573",West Shelby,MN,27925,PLAN001
CUST00092,Kaitlyn,Haley,kaitlyn.haley@steele-tucker.com,"8750 Rodriguez Lights, Port Ashley, VA 58493",Bryanview,MA,86496,PLAN002
CUST00093,Taylor,Ramirez,taylor.ramirez@chan-williams.com,"Unit 3526 Box 2635, DPO AE 93701",North Erikville,AL,94193,PLAN003
CUST00094,Brian,Turner,brian.turner@alvarez.org,"504 Daniels Fort Apt. 671, Alishashire, MO 29422",West Jilltown,NH,74737,PLAN004
CUST00095,Deborah,Goodwin,deborah.goodwin@smith.org,"6274 Thomas Overpass Apt. 699, East Stanleyburgh, OR 96334",Donnafurt,MS,70945,PLAN005
CUST00096,Benjamin,Reeves,benjamin.reeves@hansen.com,"306 Maxwell Lodge, Brianmouth, VI 74979",Joshuaside,MD,52218,PLAN001
CUST00097,Sarah,Stephens,sarah.stephens@chan-barry.com,"PSC 1037, Box 0118, APO AE 15131",Williamston,MI,28986,PLAN002
CUST00098,John,Rosales,john.rosales@gonzales.com,"75839 Gonzalez Parkway Apt. 869, South Michaelberg, FM 44067",West Edwardfurt,NY,32640,PLAN003
CUST00099,Cheyenne,Bishop,cheyenne.bishop@brooks-joseph.net,"089 French Springs Apt. 596, Davistown, MD 36267",West Travis,CA,57026,PLAN004
CUST00100,Lori,Walton,lori.walton@riggs.com,"646 Santos Bypass, Meganchester, MS 38513",Lake Anthonyhaven,IA,12701,PLAN005
